{
  "pts_thermal": [
    [
      14.148712158203125,
      10.891772270202637
    ],
    [
      14.277124404907227,
      11.0194673538208
    ],
    [
      14.065921783447266,
      10.903535842895508
    ]
  ],
  "pts_rgb": [
    [
      209.0,
      97.5
    ],
    [
      209.0,
      97.5
    ],
    [
      216.0,
      95.5
    ]
  ],
  "thermal_shape": [
    24,
    32
  ],
  "rgb_shape": [
    240,
    320
  ],
  "rotation_deg": 0.0,
  "scale_factor": 0.8499999999999999,
  "affine_samples": [
    [
      [
        7.314383279696378,
        0.0,
        105.5108963608022
      ],
      [
        0.0,
        7.314383279696378,
        17.833403020569165
      ]
    ],
    [
      [
        7.200028098135547,
        0.0,
        106.20430312409121
      ],
      [
        0.0,
        7.200028098135547,
        18.159525426002872
      ]
    ],
    [
      [
        7.183305412520237,
        0.0,
        114.96018792087695
      ],
      [
        0.0,
        7.183305412520237,
        17.176571964120285
      ]
    ]
  ],
  "H": [
    [
      7.200028098135547,
      0.0,
      106.20430312409121
    ],
    [
      0.0,
      7.200028098135547,
      17.833403020569165
    ],
    [
      0.0,
      0.0,
      1.0
    ]
  ]
}